{
    "netflix": {
        "adamic_adar": 22.808061122894287,
        "common_neighbours": 10.44512939453125,
        "jaccard_coefficient": 10.784368991851807,
        "preferential_attachment": 0,
        "temporal": 0,
        "time_score": 1643.4222557544708,
        "link_score": 1687.001445531845
    },
    "movielens": {
        "adamic_adar": 21.132760286331177,
        "common_neighbours": 11.368555784225464,
        "jaccard_coefficient": 11.780229330062866,
        "preferential_attachment": 0,
        "temporal": 0,
        "time_score": 830.6350202560425,
        "link_score": 938.7078931331635
    },
    "amazon": {
        "adamic_adar": 4.6320717334747314,
        "common_neighbours": 4.4970104694366455,
        "jaccard_coefficient": 4.7271668910980225,
        "preferential_attachment": 0,
        "temporal": 0,
        "time_score": 5096.492602109909,
        "link_score": 4391.533004760742
    }
}