{
    "netflix": {
        "adamic_adar": 22.808061122894287,
        "common_neighbours": 10.44512939453125,
        "jaccard_coefficient": 10.784368991851807,
        "preferential_attachment": 0,
        "temporal": 0,
        "time_score": 1643.4222557544708,
        "link_score": 1687.001445531845,
        "window": 37.36220192909241
    },
    "movielens": {
        "adamic_adar": 21.132760286331177,
        "common_neighbours": 11.368555784225464,
        "jaccard_coefficient": 15.164021968841553,
        "preferential_attachment": 0,
        "temporal": 0,
        "time_score": 830.6350202560425,
        "link_score": 938.7078931331635,
        "window": 282.2930541038513
    },
    "amazon": {
        "adamic_adar": 3.505080223083496,
        "common_neighbours": 3.420297384262085,
        "jaccard_coefficient": 3.9589056968688965,
        "preferential_attachment": 4.474560260772705,
        "temporal": 4.733642816543579,
        "time_score": 6299.258649110794,
        "link_score": 6277.500305175781
    },
    "epinions": {
        "jaccard_coefficient": 105.65823483467102
    },
    "myket": {
        "jaccard_coefficient": 14.268070936203003,
        "window": 257.92228269577026,
        "common_neighbours": 13.853564977645874,
        "adamic_adar": 18.760717391967773
    }
}