{
    "netflix": {
        "adamic_adar": 37.11736273765564,
        "common_neighbours": 9.08251142501831,
        "jaccard_coefficient": 26.720115900039673,
        "preferential_attachment": 8.782068967819214,
        "temporal": 1427.2452852725983,
        "time_score": 8432.639677762985,
        "link_score": 7441.770185470581,
        "window": 221.45595836639404
    },
    "movielens": {
        "adamic_adar": 98.81474232673645,
        "common_neighbours": 13.699277400970459,
        "jaccard_coefficient": 24.441649198532104,
        "preferential_attachment": 24.225165843963623,
        "temporal": 1049.9994461536407,
        "time_score": 7340.080056190491,
        "link_score": 9725.609894514084,
        "window": 730.7308020591736
    },
    "amazon": {
        "adamic_adar": 3.505080223083496,
        "common_neighbours": 3.420297384262085,
        "jaccard_coefficient": 4.542348623275757,
        "preferential_attachment": 4.474560260772705,
        "temporal": 4.733642816543579,
        "time_score": 6299.258649110794,
        "link_score": 6277.500305175781,
        "window": 129.24292969703674
    },
    "epinions": {
        "jaccard_coefficient": 105.65823483467102,
        "window": 673.5355613231659
    },
    "myket": {
        "jaccard_coefficient": 14.268070936203003,
        "window": 257.92228269577026,
        "common_neighbours": 14.242207050323486,
        "adamic_adar": 18.760717391967773
    }
}